{
  "accident_means": [
    4.896470814040213,
    21.652501992175452,
    4.360438398286408,
    7.82221811046504,
    4.656609857925261,
    7.206580761781673,
    6.36801528193287,
    4.192898391448345,
    5.244056517315894,
    7.961014752535476,
    5.429215190336876,
    1.914537427351647,
    5.446711439447305,
    7.589482779355393,
    5.133668407951434,
    5.285889296187568,
    2.9998696133033516,
    2.882953434875331,
    4.490708596927604,
    7.345711265642619,
    7.054891119148525,
    4.7213409467397005,
    4.054016830945256,
    5.9936133045138735,
    4.6250155117306,
    4.766390218879238,
    5.270936111007074,
    3.0778271730500038,
    4.5816161993778115,
    5.35881806157299,
    14.34243516006855,
    11.424113822966508,
    5.067921250136857,
    5.022282861699962,
    10.312898719433656,
    9.465243270716716,
    5.352719764119571,
    5.0378524323099665,
    5.023329867530115,
    2.0448058313793607,
    3.882056388658347,
    4.147598738522873,
    5.358597273679123,
    2.699806990082731,
    4.123874236627953,
    3.441306613155247,
    4.232185251216598,
    4.27279079384005,
    7.824851416578197,
    8.664282760234794,
    3.334721738311845,
    4.679789115684201,
    5.150178078523616,
    3.619511534469296,
    7.294282054660296,
    5.667962836236069,
    6.064248227581535,
    4.035158661222949,
    6.352847804728243,
    4.500530940970195
  ],
  "non_accident_means": [
    4.653025776448876,
    5.566185393718758,
    3.7135930518911344,
    3.1614971040475246,
    3.995016697755794,
    5.206085491662074,
    3.856942361051386,
    5.644899298446347,
    4.222036768337191,
    3.3966603024961985,
    4.305714594949152,
    3.786876106020158,
    3.88512351307167,
    3.4643021448694094,
    4.8844813385395085
  ],
  "pre_crash_ratios": [
    0.8623202091827495,
    1.1824633179902884,
    0.465730290895999,
    1.3016096044434142,
    1.0342488769359373,
    0.4299060149787138,
    0.739757299494835,
    0.9307289268604235,
    0.5567240775677766,
    0.6921418580625167,
    0.7219006572924619,
    1.1096987353872656,
    1.6423449764097133,
    0.9628119417378774,
    0.84453304462695,
    0.7158940112587863,
    0.995202990844845,
    0.9567081847337742,
    1.2384159918895747,
    0.8766656954683927,
    1.1258158901355235,
    0.12989082380616748,
    0.5848174610519645,
    1.1847101900937833,
    0.4533076266925565,
    1.4968941932373105,
    1.0304598070152358,
    0.9985372185770212,
    1.481683261797098,
    0.7343246334301154,
    0.8118554564654533,
    0.9902480073299686,
    0.8983739504265003,
    1.5483972182220382,
    0.9470726250726742,
    1.5721923023982005,
    1.126886486657864,
    0.6612211313132582,
    1.7526014759158381,
    0.7952048367727249,
    1.0122048597027682,
    0.8882634066894561,
    1.0640780831207093
  ],
  "num_accident": 60,
  "num_non_accident": 15
}